zip3,latitude,longitude,zcta_count
006,18.258874,-66.833358,46
007,18.155141,-66.110383,46
008,17.958178,-64.799823,6
009,18.370567,-66.102550,40
010,42.257499,-72.603191,62
011,42.099394,-72.544797,13
012,42.367868,-73.209998,32
013,42.595003,-72.538365,30
014,42.593392,-71.817236,21
015,42.229203,-71.854767,45
016,42.275671,-71.844195,11
017,42.342651,-71.455331,27
018,42.640797,-71.216100,32
019,42.651078,-70.886578,32
020,42.139460,-71.150973,26
021,42.310307,-71.053180,53
022,42.347957,-71.069997,4
023,41.969215,-70.845190,28
024,42.360330,-71.231809,27
025,41.536422,-70.532410,25
026,41.752754,-70.184739,35
027,41.776138,-71.080772,36
028,41.659002,-71.563368,63
029,41.825997,-71.472022,18
030,42.903223,-71.510068,34
031,43.003170,-71.475101,7
032,43.574627,-71.661186,58
033,43.272250,-71.565189,4
034,42.908104,-72.192234,25
035,44.675154,-71.316477,20
036,43.180606,-72.327198,8
037,43.698552,-72.112439,24
038,43.555493,-71.099834,67
039,43.231605,-70.742806,11
040,43.767837,-70.604602,62
041,43.677987,-70.268370,9
042,44.382779,-70.502794,48
043,44.299562,-69.745048,21
044,45.401857,-68.774337,66
045,44.002631,-69.561770,29
046,44.745120,-67.838202,59
047,46.503007,-68.336551,39
048,44.183832,-69.125730,18
049,45.000901,-69.977374,64
050,43.858204,-72.428506,49
051,43.280480,-72.650679,16
052,43.021489,-73.118425,11
053,42.948124,-72.785289,21
054,44.584443,-73.008943,48
056,44.346226,-72.608867,33
057,43.690029,-73.047871,40
058,44.678029,-72.109914,40
059,44.777192,-71.692837,7
060,41.884400,-72.813566,61
061,41.743575,-72.692801,14
062,41.812214,-72.114970,33
063,41.502924,-72.027639,36
064,41.439431,-72.750090,54
065,41.360612,-72.947665,12
066,41.240068,-73.220585,10
067,41.675224,-73.235647,38
068,41.247913,-73.449969,25
069,41.102717,-73.554844,6
070,40.757529,-74.283420,79
071,40.740915,-74.176914,12
072,40.667887,-74.211991,7
073,40.716811,-74.064782,7
074,41.098618,-74.395757,37
075,40.928900,-74.177981,12
076,40.943178,-74.012389,39
077,40.284480,-74.173958,41
078,40.970911,-74.805206,45
079,40.738630,-74.542695,29
080,39.765931,-74.868928,87
081,39.940244,-75.076416,9
082,39.331661,-74.681636,29
083,39.438280,-75.043674,33
084,39.360907,-74.471493,4
085,40.241648,-74.617934,31
086,40.189118,-74.670961,15
087,39.951569,-74.242160,25
088,40.547237,-74.730131,54
089,40.459010,-74.471419,3
100,40.778014,-73.966903,42
101,40.774750,-73.958257,22
102,40.712468,-74.014878,5
103,40.581453,-74.152965,13
104,40.853190,-73.867224,25
105,41.270252,-73.748419,63
106,41.043410,-73.761910,6
107,40.951396,-73.857412,9
108,40.920323,-73.786027,4
109,41.303153,-74.249415,59
110,40.774990,-73.703022,14
111,40.760350,-73.925756,7
112,40.645429,-73.948716,38
113,40.747227,-73.834151,26
114,40.683926,-73.786296,26
115,40.727579,-73.623116,40
116,40.583559,-73.826083,5
117,40.811247,-73.240052,77
118,40.769209,-73.492091,3
119,40.930218,-72.541999,44
120,42.765462,-74.033009,66
121,42.934623,-74.155930,68
122,42.690658,-73.802568,12
123,42.820781,-73.975199,8
124,42.099415,-74.271413,82
125,41.809402,-73.826417,63
126,41.687500,-73.881331,3
127,41.746035,-74.754115,59
128,43.608703,-73.908864,65
129,44.525175,-74.041275,72
130,42.957164,-76.177276,50
131,43.073060,-76.345774,51
132,43.039502,-76.179904,17
133,43.364287,-75.191256,53
134,43.168390,-75.253782,62
135,43.132463,-75.165143,2
136,44.328747,-75.408855,83
137,42.217395,-75.418648,39
138,42.340402,-75.592404,41
139,42.120942,-75.886099,5
140,42.812846,-78.599257,61
141,42.832601,-78.668004,35
142,42.919815,-78.790277,29
143,43.106916,-78.977764,5
144,42.959631,-77.637376,45
145,42.894332,-77.442281,56
146,43.167666,-77.643788,25
147,42.204857,-78.834950,62
148,42.286989,-77.204158,74
149,42.088544,-76.798537,4
150,40.497871,-80.156229,71
151,40.459275,-80.019349,28
152,40.456379,-79.962164,43
153,40.009336,-80.242359,55
154,39.915217,-79.645618,70
155,39.944873,-78.786200,37
156,40.329462,-79.467883,72
157,40.721406,-79.014590,63
158,41.322593,-78.654824,30
159,40.338062,-78.843582,43
160,40.926821,-79.897961,35
161,41.190069,-80.304264,42
162,41.081066,-79.363115,39
163,41.591331,-79.573209,43
164,41.873651,-79.992785,33
165,42.093412,-80.042049,14
166,40.487898,-78.279599,67
167,41.760808,-78.443762,22
168,40.972903,-77.989174,55
169,41.795870,-77.377244,32
170,40.418013,-77.134356,86
171,40.336011,-76.796880,10
172,39.991122,-77.800784,49
173,39.884061,-76.926305,48
174,39.973434,-76.706461,7
175,40.044931,-76.223399,47
176,40.042380,-76.300626,4
177,41.338099,-77.212846,40
178,40.931343,-76.778165,54
179,40.679908,-76.300993,45
180,40.670837,-75.449353,55
181,40.596420,-75.514198,7
182,40.897873,-75.871398,36
183,41.123490,-75.184248,36
184,41.545589,-75.381820,51
185,41.408768,-75.663308,11
186,41.353884,-76.109139,36
187,41.209795,-75.851348,8
188,41.818338,-76.136939,34
189,40.366827,-75.161235,39
190,40.057164,-75.181864,68
191,40.006629,-75.137189,50
193,39.924181,-75.769288,34
194,40.185798,-75.469139,32
195,40.417109,-75.901123,42
196,40.338244,-75.946987,10
197,39.548684,-75.671129,19
198,39.769206,-75.582327,10
199,38.832614,-75.464982,39
200,38.909919,-77.016278,27
201,38.903097,-77.673941,45
202,38.891672,-77.034790,7
203,38.884187,-77.013337,5
204,38.917990,-77.018969,6
205,38.892381,-77.026452,12
206,38.452349,-76.785523,61
207,38.884816,-76.784369,53
208,39.149698,-77.235164,40
209,39.062329,-77.011762,8
210,39.396497,-76.540114,48
211,39.506942,-76.725973,30
212,39.315033,-76.587342,43
214,38.988904,-76.503124,5
215,39.558998,-79.073818,23
216,38.867975,-76.000064,58
217,39.519813,-77.496724,56
218,38.256306,-75.576021,37
219,39.572965,-75.940958,15
220,38.794392,-77.267500,19
221,38.712263,-77.311685,16
222,38.878465,-77.101179,11
223,38.776387,-77.104273,14
224,38.101082,-77.027954,24
225,38.073953,-77.238163,25
226,39.033037,-78.249596,29
227,38.493366,-78.061124,35
228,38.572938,-78.800188,28
229,38.016903,-78.568243,40
230,37.636276,-77.541982,48
231,37.599410,-77.341647,45
232,37.510491,-77.454106,23
233,37.065627,-76.106567,29
234,37.018680,-76.282052,45
235,36.893719,-76.259171,14
236,37.120015,-76.452771,24
237,36.851201,-76.355077,7
238,36.945554,-77.402105,55
239,37.037480,-78.385504,36
240,37.145631,-80.091195,43
241,37.082882,-80.123058,40
242,36.836750,-82.481459,44
243,36.854326,-81.136428,40
244,38.039408,-79.525680,43
245,37.143705,-79.111855,56
246,37.192479,-81.805691,25
247,37.397537,-81.153777,17
248,37.477929,-81.641883,55
249,37.971924,-80.298165,35
250,38.303351,-81.433133,50
251,38.313411,-81.585854,52
252,38.669594,-81.478366,40
253,38.390477,-81.630322,14
254,39.444976,-78.108156,24
255,38.269537,-82.179671,40
256,37.762616,-82.069385,43
257,38.360287,-82.416619,6
258,37.804603,-81.179994,44
259,37.827199,-80.936263,37
260,40.047687,-80.633807,24
261,39.210210,-81.252737,33
262,38.743503,-80.030813,52
263,39.183655,-80.572861,31
264,39.217401,-80.412912,29
265,39.588179,-80.045735,37
266,38.453975,-80.818049,28
267,39.333474,-78.987218,23
268,38.895492,-79.090396,24
270,36.248434,-80.445844,34
271,36.072797,-80.246149,9
272,35.857748,-79.710697,44
273,35.821611,-79.567848,36
274,36.069765,-79.820024,11
275,35.932133,-78.538599,72
276,35.809117,-78.638055,17
277,35.994016,-78.892013,9
278,35.880438,-77.304834,83
279,36.113388,-76.427954,58
280,35.362731,-81.002900,49
281,35.241608,-80.750853,43
282,35.210753,-80.828333,29
283,34.954150,-78.931616,77
284,34.394200,-78.228332,55
285,35.052340,-77.250555,62
286,36.062772,-81.355437,79
287,35.503149,-82.826100,75
288,35.584286,-82.549359,5
289,35.095682,-83.966668,6
290,34.005809,-80.813373,49
291,33.924628,-80.903692,47
292,34.043240,-80.972892,13
293,34.780169,-81.863018,45
294,33.052026,-80.108354,57
295,34.061206,-79.497142,57
296,34.612786,-82.564965,65
297,34.834412,-80.934290,25
298,33.530106,-81.740869,35
299,32.562549,-80.971371,31
300,33.848835,-84.065553,62
301,34.037466,-84.909313,57
302,33.241702,-84.544025,56
303,33.772444,-84.421723,40
304,32.488225,-82.106594,43
305,34.581499,-83.803109,63
306,33.855511,-83.137121,44
307,34.707511,-85.108598,32
308,33.348939,-82.341299,22
309,33.410327,-82.018971,7
310,32.632234,-83.408881,84
312,32.841795,-83.636863,10
313,31.902533,-81.462645,24
314,32.033117,-81.148709,12
315,31.352230,-82.221678,47
316,30.993477,-83.158112,31
317,31.481133,-83.863159,52
318,32.449875,-84.686993,27
319,32.440849,-84.897464,7
320,30.216829,-82.398449,46
321,29.361884,-81.504169,45
322,30.304940,-81.703802,37
323,30.285074,-84.152377,43
324,30.553415,-85.561986,43
325,30.738610,-86.971837,41
326,29.569604,-82.609511,43
327,28.793701,-81.264387,44
328,28.479938,-81.284214,34
329,27.952103,-80.684374,34
330,25.524277,-80.681647,51
331,25.701539,-80.438943,63
333,26.154768,-80.315825,28
334,26.664497,-80.683020,57
335,28.201388,-82.223229,44
336,28.016271,-82.454561,27
337,27.857705,-82.722904,39
338,27.736109,-81.645410,52
339,26.769550,-81.679386,49
341,26.135095,-81.305166,24
342,27.295014,-82.140901,48
344,29.022277,-82.359051,34
346,28.416915,-82.525951,33
347,28.285248,-81.386633,32
349,27.332104,-80.709544,22
350,33.459865,-86.677419,57
351,33.449698,-86.540894,42
352,33.501712,-86.773223,31
354,33.068902,-87.852919,34
355,33.952669,-87.707245,41
356,34.670068,-87.400738,37
357,34.758732,-86.279700,32
358,34.692829,-86.592970,11
359,34.269375,-85.928480,39
360,32.079622,-86.091370,57
361,32.322180,-86.271686,16
362,33.512972,-85.644198,28
363,31.336427,-85.553596,34
364,31.372768,-86.965384,32
365,31.058589,-87.952618,60
366,30.690965,-88.203644,21
367,32.306252,-87.353269,44
368,32.607856,-85.401960,27
369,32.131370,-88.247424,13
370,36.084675,-86.968154,64
371,36.002339,-86.648064,47
372,36.129613,-86.836611,23
373,35.317868,-85.353002,77
374,35.072606,-85.303539,16
376,36.354045,-82.292958,33
377,36.084045,-83.819832,48
378,36.096241,-83.831382,58
379,35.967392,-83.965162,19
380,35.542260,-89.416595,50
381,35.115252,-89.960664,31
382,36.298276,-88.685439,28
383,35.601544,-88.510455,61
384,35.341146,-87.355811,34
385,36.174418,-85.330671,47
386,34.576821,-89.746304,53
387,33.531169,-90.801447,40
388,34.351566,-88.633639,41
389,33.779279,-89.897302,37
390,32.498751,-90.109000,36
391,32.343628,-90.322681,43
392,32.313178,-90.199163,17
393,32.425547,-88.806432,40
394,31.241660,-89.260514,36
395,30.596206,-89.015339,28
396,31.314585,-90.668266,26
397,33.525334,-88.868023,30
398,31.321776,-84.667620,31
400,38.052592,-85.291005,49
401,37.846002,-86.186440,31
402,38.182728,-85.654743,34
403,38.057444,-84.224185,40
404,37.527265,-84.399637,25
405,38.041150,-84.451998,16
406,38.234919,-84.868786,1
407,36.930093,-84.131777,11
408,36.892109,-83.257827,37
409,36.961973,-83.708488,30
410,38.647598,-84.316875,53
411,38.376293,-83.067023,27
412,37.897771,-82.685018,29
413,37.566408,-83.462081,19
414,37.841297,-83.180904,6
415,37.458423,-82.401963,38
416,37.542084,-82.771075,34
417,37.236759,-83.238350,33
418,37.207557,-82.885295,33
420,36.900312,-88.556408,48
421,36.887648,-86.083821,28
422,36.940449,-87.103608,30
423,37.514362,-87.016483,40
424,37.459518,-87.697493,28
425,37.152095,-84.705174,14
426,36.806427,-84.813533,12
427,37.316491,-85.730702,34
430,40.201334,-82.912763,62
431,39.678047,-82.993145,46
432,39.988454,-82.984184,30
433,40.550227,-83.387615,40
434,41.417320,-83.300264,43
435,41.457773,-84.218319,53
436,41.659995,-83.538881,17
437,39.846894,-81.662006,56
438,40.260974,-81.884508,17
439,40.247391,-80.901618,55
440,41.548351,-81.286191,57
441,41.419730,-81.666710,48
442,41.121735,-81.608769,44
443,41.077749,-81.552025,18
444,41.087814,-80.777802,52
445,41.067877,-80.663764,13
446,40.650565,-81.532310,72
447,40.821864,-81.365928,14
448,41.009410,-82.752971,56
449,40.745191,-82.549161,7
450,39.435395,-84.466087,33
451,39.152599,-83.834660,48
452,39.180772,-84.474916,46
453,39.971941,-84.301306,77
454,39.749664,-84.176837,30
455,39.977323,-83.867871,6
456,38.971551,-82.855205,64
457,39.353182,-81.786537,47
458,40.825597,-84.230053,82
460,40.169505,-86.135464,44
461,39.618510,-86.175591,62
462,39.782460,-86.138315,38
463,41.407574,-87.056168,45
464,41.553659,-87.336651,9
465,41.435165,-86.086500,48
466,41.661877,-86.294726,11
467,41.168663,-85.212758,62
468,41.084751,-85.163052,16
469,40.761980,-86.136323,62
470,39.158205,-85.079316,29
471,38.421684,-86.034132,45
472,39.039938,-85.740283,33
473,40.084525,-85.154138,59
474,38.996034,-86.643796,43
475,38.461532,-87.028056,52
476,38.126873,-87.511233,26
477,38.015778,-87.585770,9
478,39.440542,-87.291438,49
479,40.491311,-87.103731,65
480,42.836685,-82.802918,69
481,42.203554,-83.632041,70
482,42.381865,-83.115460,39
483,42.660319,-83.345325,51
484,43.292712,-83.215073,59
485,43.020501,-83.693945,10
486,43.984254,-84.357429,51
487,44.011536,-83.560643,50
488,43.020459,-84.679083,79
489,42.733905,-84.585240,7
490,42.199517,-85.543305,79
491,41.873442,-86.361566,20
492,42.049365,-84.355487,58
493,43.327565,-85.557311,42
494,43.379141,-86.139342,50
495,42.950790,-85.661592,14
496,44.435873,-85.524808,67
497,45.523148,-84.481041,66
498,46.171771,-86.959289,65
499,46.603633,-88.944652,46
500,41.622301,-93.939088,63
501,41.551723,-93.479162,69
502,41.623517,-93.600221,64
503,41.597891,-93.631608,17
504,43.168984,-93.367428,55
505,42.767284,-94.451880,74
506,42.655225,-92.460955,68
507,42.486316,-92.311799,4
508,40.961882,-94.556591,28
510,42.607463,-95.912841,55
511,42.529158,-96.373052,8
512,43.277379,-96.044362,20
513,43.266850,-95.139453,23
514,42.110293,-95.072730,32
515,41.447247,-95.548397,54
516,40.738644,-95.365102,20
520,42.457617,-90.973190,44
521,43.204095,-91.741165,32
522,41.901578,-91.769745,47
523,41.866423,-91.743658,53
524,41.966455,-91.672160,6
525,40.945160,-92.451009,50
526,40.879671,-91.440331,34
527,41.638324,-90.881311,44
528,41.565929,-90.611266,6
530,43.510366,-88.240982,75
531,42.755164,-88.323294,55
532,43.063781,-87.971966,30
534,42.748314,-87.831330,5
535,42.940522,-89.683296,81
537,43.070484,-89.376533,14
538,42.875190,-90.736179,21
539,43.630312,-89.552337,48
540,45.082581,-92.469730,24
541,45.081487,-88.240719,54
542,44.551498,-87.576537,27
543,44.522839,-88.002157,7
544,44.927321,-89.851275,77
545,45.884039,-89.857842,45
546,43.925256,-90.881624,53
547,44.856562,-91.512003,49
548,46.053737,-91.617748,62
549,44.192459,-88.963511,56
550,45.161385,-92.977195,69
551,44.956668,-93.079248,32
553,44.988150,-94.070017,86
554,45.012578,-93.316404,51
556,47.646675,-91.069395,13
557,47.391076,-92.647837,69
558,46.951681,-92.089282,11
559,43.885409,-92.282961,71
560,44.016893,-94.038572,71
561,43.922350,-95.647863,66
562,45.074866,-95.746131,74
563,45.827151,-94.591141,70
564,46.619645,-94.514994,39
565,46.860685,-96.096535,71
566,47.901137,-94.336598,48
567,48.398002,-96.207454,40
570,43.487705,-97.062342,69
571,43.549870,-96.749813,9
572,45.042746,-97.177455,56
573,43.913718,-98.508999,60
574,45.351275,-98.936750,49
575,43.857188,-100.612543,43
576,45.436803,-101.606128,32
577,44.247863,-103.113051,57
580,46.651993,-97.384687,60
581,46.863065,-96.834152,4
582,48.245424,-97.713433,58
583,48.322876,-99.343486,50
584,46.863734,-99.097232,62
585,46.748750,-100.981011,45
586,46.733066,-103.002563,31
587,48.337957,-101.680112,63
588,48.194826,-103.477998,15
590,45.970000,-108.619281,72
591,45.672317,-108.415060,4
592,48.204999,-105.618430,41
593,46.385877,-105.568588,30
594,47.788607,-111.229640,61
595,48.389351,-109.120753,23
596,46.653601,-111.732152,19
597,45.462218,-112.339487,42
598,46.971612,-114.201185,50
599,48.370630,-114.580480,27
600,42.288781,-88.155555,65
601,42.013197,-88.477397,72
602,42.045076,-87.691327,4
603,41.889826,-87.799992,4
604,41.382550,-88.104060,79
605,41.682527,-88.543255,56
606,41.829634,-87.677533,56
607,41.987292,-87.798009,4
608,41.720385,-87.709831,4
609,40.797625,-87.924752,56
610,42.172095,-89.586211,66
611,42.280579,-89.081166,11
612,41.488633,-90.308882,44
613,41.346958,-89.182508,62
614,40.826874,-90.419967,73
615,40.688736,-89.715510,46
616,40.700866,-89.621559,12
617,40.527230,-88.894787,53
618,40.108516,-88.156392,58
619,39.651872,-88.191064,30
620,39.129392,-89.991865,75
622,38.406580,-89.722715,74
623,39.998522,-91.017631,52
624,39.033171,-88.189972,60
625,39.641727,-89.200795,51
626,39.848965,-90.004978,57
627,39.796665,-89.656751,8
628,38.354146,-88.641316,86
629,37.547787,-88.897936,78
630,38.364629,-90.812324,57
631,38.631159,-90.329132,46
633,39.015809,-91.122579,45
634,39.920566,-91.781455,40
635,40.199317,-92.612065,33
636,37.614943,-90.641902,34
637,37.366958,-89.806429,37
638,36.558816,-89.733093,45
639,36.846332,-90.619001,29
640,39.073260,-94.107368,63
641,39.138651,-94.570921,51
644,40.135882,-94.696418,70
645,39.757772,-94.820364,6
646,39.891392,-93.552929,54
647,38.055326,-94.148050,46
648,36.932216,-94.346539,34
650,38.453267,-92.229910,54
651,38.526439,-92.187980,2
652,39.205153,-92.389237,46
653,38.710789,-93.253262,31
654,37.650859,-91.766505,28
655,37.619231,-91.876553,31
656,37.088701,-93.007051,70
657,37.094456,-92.891849,74
658,37.223760,-93.300466,9
660,38.827948,-95.124925,68
661,39.122403,-94.750821,12
662,38.958497,-94.730822,25
664,39.368398,-96.102018,35
665,39.355549,-96.123744,43
666,39.063320,-95.756614,18
667,37.633190,-95.219210,51
668,38.361119,-96.388715,35
669,39.772647,-97.861087,34
670,37.481745,-97.709072,58
671,37.500919,-97.912510,42
672,37.697409,-97.325477,28
673,37.233295,-95.799293,27
674,38.979952,-97.795783,57
675,38.243438,-98.988292,53
676,39.334898,-99.484014,45
677,39.338778,-101.165474,28
678,37.897783,-100.830241,39
679,37.165469,-101.396938,6
680,41.543737,-96.457546,55
681,41.249906,-96.043255,38
683,40.414907,-96.863229,70
684,40.543573,-96.651896,56
685,40.830240,-96.674253,23
686,41.555928,-97.696434,42
687,42.428217,-98.184964,73
688,41.321437,-99.128747,64
689,40.336549,-98.903974,55
690,40.362031,-100.989039,26
691,41.397668,-101.569042,44
692,42.665416,-100.626136,11
693,42.292647,-102.827474,29
700,29.736151,-90.056802,45
701,30.027345,-89.933006,22
703,29.641327,-90.685263,34
704,30.649562,-90.249253,39
705,30.198222,-92.236735,61
706,30.356013,-93.226133,39
707,30.559231,-91.206543,58
708,30.440995,-91.102886,21
710,32.447012,-93.398710,53
711,32.452045,-93.750487,15
712,32.569568,-91.957224,51
713,31.428726,-91.880667,42
714,31.560383,-92.838346,59
716,33.607960,-91.760114,35
717,33.477247,-92.787150,29
718,33.643268,-93.826256,35
719,34.399625,-93.609473,37
720,34.875298,-91.924896,75
721,34.905398,-92.077262,60
722,34.699233,-92.365166,12
723,35.073819,-90.586352,58
724,36.035456,-90.755773,60
725,36.011173,-91.806164,55
726,36.141090,-92.935109,49
727,36.109012,-94.041515,40
728,35.309762,-93.322463,35
729,35.291919,-94.085818,35
730,35.298875,-97.831340,85
731,35.446051,-97.503268,43
734,34.200174,-97.153030,33
735,34.520061,-98.800285,48
736,35.510279,-99.333558,33
737,36.415823,-98.206740,49
738,36.495045,-99.539730,19
739,36.743121,-101.670531,16
740,36.339127,-96.204037,67
741,36.139734,-95.944874,29
743,36.547752,-95.028231,30
744,35.636774,-95.448767,43
745,34.657916,-95.668872,39
746,36.703201,-97.071275,18
747,34.016799,-95.437582,34
748,35.156366,-96.657111,47
749,35.232080,-94.705616,32
750,33.228414,-96.729218,62
751,32.474322,-96.321458,52
752,32.792050,-96.802172,50
753,32.813992,-96.842808,1
754,33.369600,-95.680870,74
755,33.303688,-94.464191,24
756,32.489024,-94.580306,45
757,32.233599,-95.364863,40
758,31.442454,-95.663080,28
759,31.272318,-94.297047,44
760,32.597956,-97.545693,60
761,32.768158,-97.378969,36
762,33.517048,-97.441613,42
763,33.721771,-98.853623,28
764,32.584803,-98.574010,48
765,31.113220,-97.619964,47
766,31.710290,-97.053895,56
767,31.564972,-97.139720,10
768,31.215983,-99.378458,48
769,31.014085,-100.891286,25
770,29.794586,-95.407685,96
772,29.720884,-95.343537,1
773,30.477873,-95.250613,56
774,29.401642,-96.026104,71
775,29.669160,-95.007945,58
776,30.246770,-94.176801,30
777,29.974884,-94.193113,8
778,30.679983,-96.309710,36
779,28.930561,-96.971173,34
780,28.703220,-98.977941,56
781,29.071191,-97.918491,42
782,29.457652,-98.524200,61
783,27.616999,-98.104423,44
784,27.639413,-97.443283,18
785,26.385163,-98.153934,61
786,30.272617,-98.145407,64
787,30.287985,-97.799702,44
788,29.480775,-100.257737,34
789,29.924541,-96.877434,25
790,35.461708,-101.616244,73
791,35.207965,-101.851216,14
792,34.246102,-100.572009,31
793,33.360415,-102.158519,47
794,33.580276,-101.885122,15
795,32.687971,-100.304848,47
796,32.459471,-99.708488,7
797,31.514865,-102.636891,50
798,30.503777,-104.210711,21
799,31.804550,-106.180573,25
800,39.808412,-104.902371,27
801,39.505889,-104.470593,35
802,39.774979,-104.936522,44
803,40.020942,-105.295743,6
804,39.982229,-106.179426,57
805,40.561860,-105.358706,32
806,40.409513,-104.482331,27
807,40.383591,-103.065416,33
808,39.079319,-103.450024,39
809,38.775663,-104.637271,31
810,37.774941,-103.583342,52
811,37.534775,-106.400514,29
812,38.460155,-106.411602,29
813,37.498141,-108.382996,15
814,38.423645,-108.042304,23
815,38.937124,-108.675156,14
816,39.981296,-107.859001,34
820,41.319893,-105.198749,22
821,44.519967,-110.649087,1
822,42.327379,-104.650771,20
823,41.695093,-107.151138,14
824,44.304121,-108.752609,22
825,43.132798,-108.975360,9
826,43.102526,-106.354721,18
827,44.222832,-104.995202,16
828,44.569869,-106.743558,13
829,42.032735,-109.746907,19
830,43.735568,-110.575200,6
831,42.568793,-110.583239,18
832,43.358482,-113.025886,52
833,42.820765,-114.200883,37
834,44.367036,-112.680173,42
835,46.083373,-115.787112,27
836,44.115495,-115.951977,50
837,43.838847,-115.324836,12
838,47.797453,-116.524780,60
840,40.581001,-111.334027,86
841,40.734948,-111.831153,27
843,41.573777,-112.824907,39
844,41.247669,-112.034745,6
845,38.227233,-109.898562,26
846,39.518126,-111.869277,45
847,37.821583,-112.519559,69
850,33.633678,-112.096832,44
851,32.962651,-111.507616,25
852,33.621757,-111.675455,45
853,33.463163,-113.291064,69
855,33.439659,-110.350841,21
856,32.001793,-110.582926,45
857,32.175556,-111.113299,38
859,34.238946,-109.776705,26
860,35.944070,-111.184049,36
863,34.835115,-112.563047,25
864,35.546376,-113.871584,23
865,35.992023,-109.567937,20
870,35.179456,-106.799151,57
871,35.105271,-106.749587,22
873,35.487418,-108.565787,23
874,36.597788,-108.262086,15
875,36.202696,-105.988546,61
877,36.055520,-104.663704,30
878,33.979908,-107.927646,12
879,33.241485,-107.376132,12
880,32.361021,-107.995017,44
881,34.247217,-103.808829,19
882,32.917048,-104.086517,23
883,33.528399,-105.507526,33
884,35.688113,-103.835114,20
890,37.464170,-115.644123,47
891,36.264706,-115.507764,45
893,39.503446,-115.735723,9
894,40.388875,-118.660331,46
895,39.759594,-119.769927,13
897,39.193993,-119.785920,5
898,40.935930,-115.819154,16
900,34.043769,-118.313722,68
902,33.997538,-118.551045,35
903,33.953633,-118.346601,5
904,34.023396,-118.484642,5
905,33.835157,-118.332599,6
906,33.933294,-118.032558,18
907,33.624200,-118.294014,22
908,33.805060,-118.166392,14
910,34.237843,-118.178876,13
911,34.151028,-118.125624,8
912,34.184610,-118.245820,10
913,34.366795,-118.579786,38
914,34.179072,-118.462778,8
915,34.193842,-118.322346,5
916,34.171845,-118.389289,7
917,34.109369,-117.759422,46
918,34.083966,-118.135583,2
919,32.724051,-116.617965,25
920,33.167391,-116.626165,46
921,32.807181,-117.104066,43
922,33.549505,-115.515067,48
923,35.178022,-116.525537,63
924,34.191064,-117.333659,8
925,33.680002,-117.026644,40
926,33.619174,-117.689561,43
927,33.736744,-117.860842,9
928,33.842740,-117.710390,33
930,34.414350,-119.101705,24
931,34.492614,-119.899944,9
932,35.808606,-119.284987,65
933,35.358877,-119.016040,11
934,35.336246,-120.480808,38
935,36.145659,-118.286003,42
936,36.937473,-119.750040,59
937,36.709129,-119.844468,20
939,36.357843,-121.436228,25
940,37.405842,-122.287489,34
941,37.746875,-122.435356,29
943,37.429963,-122.142168,5
944,37.549413,-122.305730,4
945,38.045347,-122.024027,83
946,37.792133,-122.212339,15
947,37.878918,-122.270259,10
948,37.951565,-122.336203,5
949,38.134806,-122.718839,36
950,36.850368,-121.443078,39
951,37.287448,-121.708285,29
952,38.161542,-120.720796,41
953,37.629113,-120.499396,70
954,39.081561,-123.153476,68
955,40.678101,-123.767786,47
956,38.636032,-121.280483,87
957,38.814592,-120.820067,22
958,38.566966,-121.430282,29
959,39.476441,-121.709035,70
960,41.022350,-122.425928,74
961,40.490885,-120.388978,44
967,19.792547,-156.634499,78
968,21.325656,-157.823815,20
969,13.947498,145.058734,10
970,45.401815,-121.684053,62
971,45.535110,-123.454942,41
972,45.555190,-122.703517,35
973,44.676999,-123.181749,65
974,43.474339,-123.413589,78
975,42.360398,-123.059641,24
976,42.569859,-121.007033,22
977,43.594093,-119.933874,32
978,45.204167,-118.587098,53
979,43.449696,-117.643338,16
980,47.392586,-121.812049,55
981,47.594756,-122.356720,39
982,48.365193,-121.844589,67
983,47.440357,-123.010857,68
984,47.177061,-122.487737,27
985,46.940955,-123.266502,67
986,45.990612,-122.197146,57
988,48.021602,-119.929152,45
989,46.714706,-120.567719,30
990,47.597090,-117.584800,32
991,47.902411,-118.121271,64
992,47.682244,-117.406292,16
993,46.392549,-118.827740,35
994,46.217192,-117.309883,3
995,61.353980,-151.388601,57
996,61.296511,-153.087237,85
997,65.255555,-149.271180,77
998,57.783203,-134.748120,15
999,55.792971,-132.039392,11
